First Name,Last Name,DOB,SSN,State
John,John,2/24/1991,XXX-XX-289,any state
Nathan,Nathan,11/19/1978,XXX-XX-220,any state
Amanda,Amanda,1/8/1990,XXX-XX-564,any state
Heather,Heather,8/11/1976,XXX-XX-742,any state
Daniel,Daniel,7/22/1976,XXX-XX-656,any state
Danny,Danny,1/31/1978,XXX-XX-158,any state
Gary,Gary,3/8/1994,XXX-XX-782,any state
Robin,Robin,10/14/1972,XXX-XX-606,any state
Michelle,Michelle,2/8/1984,XXX-XX-707,any state
Kimberly,Kimberly,8/5/1972,XXX-XX-653,any state
Morgan,Morgan,1/30/1986,XXX-XX-692,any state
Mason,Mason,1/28/1977,XXX-XX-841,any state
Amy,Amy,2/18/1973,XXX-XX-241,any state
Danielle,Danielle,4/16/1975,XXX-XX-350,any state
Charles,Charles,11/28/1992,XXX-XX-299,any state
Nicholas,Nicholas,4/5/1979,XXX-XX-122,any state
Tracey,Tracey,1/12/1988,XXX-XX-642,any state
Renee,Renee,3/14/1991,XXX-XX-748,any state
Joseph,Joseph,3/29/1984,XXX-XX-246,any state
Jeremy,Jeremy,10/20/1987,XXX-XX-423,any state
Anthony,Anthony,2/9/1983,XXX-XX-843,any state
Kristen,Kristen,1/2/1978,XXX-XX-364,any state
Mark,Mark,6/27/1984,XXX-XX-053,any state
Robert,Robert,1/1/1984,XXX-XX-084,any state
Michael,Michael,10/30/1994,XXX-XX-592,any state
Kristine,Kristine,7/10/1974,XXX-XX-113,any state
April,April,2/15/1983,XXX-XX-128,any state
Pamela,Pamela,2/19/1989,XXX-XX-006,any state
Ronald,Ronald,5/26/1974,XXX-XX-457,any state
Thomas,Thomas,8/17/1972,XXX-XX-212,any state
Dakota,Dakota,8/24/1972,XXX-XX-798,any state
Jennifer,Jennifer,1/20/1991,XXX-XX-170,any state
Beverly,Beverly,8/15/1986,XXX-XX-671,any state
Mark,Mark,4/2/1975,XXX-XX-236,any state
Amy,Amy,6/5/1974,XXX-XX-002,any state
Benjamin,Benjamin,5/7/1973,XXX-XX-739,any state
Stephen,Stephen,5/15/1991,XXX-XX-332,any state
Brandi,Brandi,10/15/1989,XXX-XX-110,any state
Ashley,Ashley,4/26/1994,XXX-XX-879,any state
Alisha,Alisha,1/13/1982,XXX-XX-470,any state
Robert,Robert,2/27/1973,XXX-XX-278,any state
Sandra,Sandra,10/6/1980,XXX-XX-006,any state
Katherine,Katherine,5/29/1991,XXX-XX-700,any state
Stacy,Stacy,11/8/1976,XXX-XX-302,any state
Frank,Frank,6/10/1993,XXX-XX-774,any state
Shannon,Shannon,5/4/1980,XXX-XX-680,any state
Brenda,Brenda,12/31/1977,XXX-XX-721,any state
Paula,Paula,8/10/1988,XXX-XX-645,any state
Jennifer,Jennifer,9/16/1980,XXX-XX-801,any state
David,David,1/9/1990,XXX-XX-365,any state
William,William,1/30/1988,XXX-XX-834,any state
Christopher,Christopher,5/29/1972,XXX-XX-530,any state
Matthew,Matthew,4/27/1980,XXX-XX-738,any state
Gabriela,Gabriela,12/17/1981,XXX-XX-075,any state
Allison,Allison,3/25/1994,XXX-XX-281,any state
Isaac,Isaac,5/6/1986,XXX-XX-488,any state
Cheryl,Cheryl,10/31/1991,XXX-XX-426,any state
Julie,Julie,2/16/1988,XXX-XX-876,any state
Michael,Michael,12/10/1986,XXX-XX-070,any state
Melinda,Melinda,2/7/1986,XXX-XX-600,any state
Robert,Robert,1/17/1987,XXX-XX-368,any state
Julie,Julie,8/8/1994,XXX-XX-695,any state
Steven,Steven,4/14/1989,XXX-XX-664,any state
Hailey,Hailey,3/25/1973,XXX-XX-863,any state
Dillon,Dillon,5/26/1978,XXX-XX-515,any state
Hannah,Hannah,10/18/1973,XXX-XX-710,any state
Jeffrey,Jeffrey,5/25/1994,XXX-XX-117,any state
Daniel,Daniel,8/8/1982,XXX-XX-001,any state
Bryan,Bryan,9/8/1982,XXX-XX-801,any state
Denise,Denise,9/7/1990,XXX-XX-022,any state
Alicia,Alicia,9/10/1989,XXX-XX-568,any state
William,William,3/20/1986,XXX-XX-716,any state
Dustin,Dustin,9/17/1993,XXX-XX-257,any state
Jessica,Jessica,1/3/1983,XXX-XX-546,any state
Rebecca,Rebecca,6/8/1980,XXX-XX-760,any state
Katherine,Katherine,11/1/1986,XXX-XX-019,any state
Sarah,Sarah,7/27/1993,XXX-XX-824,any state
Jermaine,Jermaine,9/11/1988,XXX-XX-126,any state
Michael,Michael,4/5/1990,XXX-XX-118,any state
Kirsten,Kirsten,9/10/1973,XXX-XX-797,any state
Rachael,Rachael,7/30/1973,XXX-XX-096,any state
Leon,Leon,9/19/1975,XXX-XX-413,any state
David,David,8/2/1976,XXX-XX-075,any state
Emily,Emily,11/24/1991,XXX-XX-224,any state
Troy,Troy,12/27/1990,XXX-XX-485,any state
Stephanie,Stephanie,4/25/1983,XXX-XX-204,any state
Michele,Michele,3/10/1990,XXX-XX-737,any state
Eric,Eric,11/12/1986,XXX-XX-067,any state
Jonathan,Jonathan,6/5/1993,XXX-XX-395,any state
Kevin,Kevin,11/25/1977,XXX-XX-206,any state
Howard,Howard,4/13/1984,XXX-XX-401,any state
Stacy,Stacy,9/24/1974,XXX-XX-571,any state
John,John,7/27/1985,XXX-XX-524,any state
Julia,Julia,3/18/1976,XXX-XX-767,any state
Allen,Allen,4/6/1975,XXX-XX-841,any state
James,James,3/4/1978,XXX-XX-383,any state
Ralph,Ralph,10/19/1988,XXX-XX-216,any state
Megan,Megan,10/8/1991,XXX-XX-747,any state
Ashley,Ashley,6/7/1974,XXX-XX-839,any state
Bonnie,Bonnie,11/7/1993,XXX-XX-800,any state
Andrew,Andrew,4/5/1982,XXX-XX-856,any state
Tonya,Tonya,4/17/1984,XXX-XX-786,any state
Michelle,Michelle,3/20/1980,XXX-XX-532,any state
Mark,Mark,9/18/1985,XXX-XX-402,any state
Chelsea,Chelsea,6/21/1987,XXX-XX-085,any state
Amanda,Amanda,11/6/1977,XXX-XX-113,any state
Paige,Paige,9/2/1991,XXX-XX-363,any state
Rhonda,Rhonda,6/7/1976,XXX-XX-516,any state
Jasmine,Jasmine,6/30/1979,XXX-XX-055,any state
Amy,Amy,8/4/1973,XXX-XX-782,any state
David,David,4/16/1975,XXX-XX-732,any state
Robert,Robert,11/12/1975,XXX-XX-561,any state
Paul,Paul,6/19/1993,XXX-XX-391,any state
Paul,Paul,3/13/1989,XXX-XX-404,any state
Jessica,Jessica,6/4/1978,XXX-XX-772,any state
Anthony,Anthony,10/5/1989,XXX-XX-080,any state
William,William,3/8/1975,XXX-XX-803,any state
Sheri,Sheri,2/13/1985,XXX-XX-465,any state
Kelly,Kelly,10/8/1984,XXX-XX-890,any state
Darren,Darren,5/24/1991,XXX-XX-678,any state
Darlene,Darlene,5/5/1980,XXX-XX-227,any state
Rachel,Rachel,8/29/1972,XXX-XX-296,any state
David,David,2/28/1982,XXX-XX-065,any state
Christina,Christina,10/15/1972,XXX-XX-740,any state
Andrea,Andrea,11/12/1984,XXX-XX-818,any state
Jennifer,Jennifer,1/31/1989,XXX-XX-705,any state
Shirley,Shirley,12/7/1981,XXX-XX-723,any state
Adrian,Adrian,2/13/1973,XXX-XX-144,any state
George,George,2/4/1984,XXX-XX-755,any state
Hailey,Hailey,11/17/1980,XXX-XX-086,any state
Tiffany,Tiffany,1/12/1983,XXX-XX-121,any state
Mary,Mary,11/1/1977,XXX-XX-177,any state
Robert,Robert,4/7/1980,XXX-XX-096,any state
Barbara,Barbara,9/7/1979,XXX-XX-165,any state
Angela,Angela,3/22/1990,XXX-XX-269,any state
Brett,Brett,9/27/1979,XXX-XX-700,any state
Troy,Troy,11/15/1990,XXX-XX-168,any state
Garrett,Garrett,9/26/1988,XXX-XX-652,any state
James,James,1/31/1988,XXX-XX-770,any state
Mary,Mary,7/8/1979,XXX-XX-533,any state
Alexandra,Alexandra,6/13/1980,XXX-XX-667,any state
Aaron,Aaron,3/25/1974,XXX-XX-778,any state
Thomas,Thomas,8/21/1979,XXX-XX-248,any state
Charlene,Charlene,10/28/1989,XXX-XX-738,any state
Mary,Mary,12/1/1975,XXX-XX-407,any state
Kayla,Kayla,10/8/1985,XXX-XX-541,any state
Kimberly,Kimberly,11/23/1992,XXX-XX-727,any state
Nicholas,Nicholas,9/18/1988,XXX-XX-084,any state
Rebecca,Rebecca,5/6/1974,XXX-XX-773,any state
Mark,Mark,7/7/1979,XXX-XX-522,any state
Adam,Adam,10/18/1981,XXX-XX-469,any state
Steve,Steve,9/14/1980,XXX-XX-185,any state
Victoria,Victoria,3/25/1988,XXX-XX-010,any state
Kathy,Kathy,3/6/1990,XXX-XX-424,any state
Michael,Michael,1/1/1995,XXX-XX-199,any state
Brian,Brian,2/22/1976,XXX-XX-575,any state
Martha,Martha,1/17/1981,XXX-XX-686,any state
Paul,Paul,1/10/1992,XXX-XX-746,any state
Dawn,Dawn,9/3/1989,XXX-XX-265,any state
Amber,Amber,1/19/1978,XXX-XX-557,any state
Christopher,Christopher,1/29/1983,XXX-XX-852,any state
Stacy,Stacy,6/17/1991,XXX-XX-145,any state
Danielle,Danielle,8/21/1975,XXX-XX-563,any state
Taylor,Taylor,9/26/1979,XXX-XX-240,any state
Donna,Donna,12/16/1978,XXX-XX-587,any state
Anne,Anne,11/26/1974,XXX-XX-743,any state
Theresa,Theresa,9/28/1976,XXX-XX-254,any state
Lori,Lori,3/8/1977,XXX-XX-111,any state
Alexandria,Alexandria,11/2/1974,XXX-XX-366,any state
Stephen,Stephen,9/30/1978,XXX-XX-894,any state
Jennifer,Jennifer,11/19/1983,XXX-XX-238,any state
Pamela,Pamela,2/21/1981,XXX-XX-047,any state
Brendan,Brendan,8/2/1991,XXX-XX-611,any state
Richard,Richard,12/24/1982,XXX-XX-114,any state
Michael,Michael,10/22/1973,XXX-XX-558,any state
Patricia,Patricia,7/13/1987,XXX-XX-332,any state
Elizabeth,Elizabeth,3/15/1977,XXX-XX-361,any state
Christopher,Christopher,12/28/1978,XXX-XX-575,any state
Isaac,Isaac,3/20/1984,XXX-XX-615,any state
Adriana,Adriana,10/17/1994,XXX-XX-589,any state
David,David,6/14/1982,XXX-XX-122,any state
Matthew,Matthew,5/14/1988,XXX-XX-474,any state
Pamela,Pamela,10/25/1987,XXX-XX-775,any state
Charles,Charles,12/5/1976,XXX-XX-207,any state
Daniel,Daniel,7/18/1978,XXX-XX-402,any state
Jimmy,Jimmy,2/19/1973,XXX-XX-699,any state
Rebecca,Rebecca,2/21/1972,XXX-XX-617,any state
Emily,Emily,12/4/1986,XXX-XX-383,any state
Chad,Chad,11/10/1988,XXX-XX-628,any state
Todd,Todd,1/14/1976,XXX-XX-297,any state
Brian,Brian,9/21/1987,XXX-XX-719,any state
Katherine,Katherine,5/13/1988,XXX-XX-167,any state
Joseph,Joseph,1/18/1979,XXX-XX-409,any state
David,David,10/21/1987,XXX-XX-585,any state
Janice,Janice,7/7/1988,XXX-XX-891,any state
Anna,Anna,2/9/1991,XXX-XX-500,any state
Katie,Katie,3/22/1983,XXX-XX-702,any state
Maria,Maria,4/30/1990,XXX-XX-549,any state
Ashley,Ashley,7/16/1983,XXX-XX-750,any state
Amy,Amy,10/15/1991,XXX-XX-764,any state
Heather,Heather,8/20/1982,XXX-XX-295,any state
John,John,5/30/1973,XXX-XX-548,any state
John,John,1/7/1983,XXX-XX-653,any state
Kimberly,Kimberly,10/1/1988,XXX-XX-807,any state
Christopher,Christopher,11/23/1976,XXX-XX-878,any state
Daniel,Daniel,12/25/1980,XXX-XX-478,any state
Miranda,Miranda,8/12/1981,XXX-XX-166,any state
Gregory,Gregory,7/9/1990,XXX-XX-086,any state
Daniel,Daniel,4/19/1984,XXX-XX-808,any state
Susan,Susan,5/17/1985,XXX-XX-518,any state
Rick,Rick,7/30/1984,XXX-XX-537,any state
Sean,Sean,7/31/1978,XXX-XX-799,any state
Alan,Alan,11/6/1994,XXX-XX-319,any state
Robin,Robin,7/14/1987,XXX-XX-517,any state
Nicole,Nicole,6/2/1985,XXX-XX-370,any state
Deanna,Deanna,7/29/1972,XXX-XX-528,any state
Joshua,Joshua,7/20/1986,XXX-XX-599,any state
Daniel,Daniel,10/15/1972,XXX-XX-498,any state
William,William,6/4/1990,XXX-XX-084,any state
Kristin,Kristin,8/23/1980,XXX-XX-753,any state
Kimberly,Kimberly,1/10/1989,XXX-XX-076,any state
Michael,Michael,3/8/1994,XXX-XX-054,any state
Jason,Jason,11/1/1985,XXX-XX-497,any state
Jonathon,Jonathon,7/8/1985,XXX-XX-858,any state
Andrea,Andrea,2/1/1986,XXX-XX-154,any state
Anthony,Anthony,10/9/1986,XXX-XX-623,any state
Anthony,Anthony,5/13/1983,XXX-XX-207,any state
Paul,Paul,7/18/1975,XXX-XX-241,any state
Susan,Susan,4/23/1989,XXX-XX-459,any state
Scott,Scott,6/24/1985,XXX-XX-756,any state
Jennifer,Jennifer,8/8/1987,XXX-XX-082,any state
Alexander,Alexander,8/22/1988,XXX-XX-866,any state
Laura,Laura,12/5/1973,XXX-XX-729,any state
Derek,Derek,9/15/1990,XXX-XX-535,any state
Daniel,Daniel,8/27/1994,XXX-XX-839,any state
Kelly,Kelly,11/5/1987,XXX-XX-192,any state
Lauren,Lauren,6/5/1985,XXX-XX-767,any state
Aaron,Aaron,4/9/1978,XXX-XX-317,any state
Julia,Julia,9/4/1980,XXX-XX-542,any state
Cheryl,Cheryl,6/16/1986,XXX-XX-026,any state
Donna,Donna,2/22/1985,XXX-XX-479,any state
Matthew,Matthew,6/12/1984,XXX-XX-116,any state
Nancy,Nancy,2/2/1988,XXX-XX-189,any state
Ashley,Ashley,7/23/1983,XXX-XX-889,any state
Andrew,Andrew,1/3/1982,XXX-XX-477,any state
Joseph,Joseph,10/5/1973,XXX-XX-768,any state
Yvette,Yvette,9/11/1985,XXX-XX-763,any state
Carrie,Carrie,11/9/1977,XXX-XX-003,any state
Ashley,Ashley,10/1/1984,XXX-XX-620,any state
Craig,Craig,8/18/1994,XXX-XX-455,any state
Jerome,Jerome,7/10/1992,XXX-XX-409,any state
Kevin,Kevin,3/29/1981,XXX-XX-159,any state
Travis,Travis,7/28/1981,XXX-XX-475,any state
Rodney,Rodney,12/15/1994,XXX-XX-238,any state
Theresa,Theresa,2/20/1993,XXX-XX-804,any state
Wayne,Wayne,9/21/1989,XXX-XX-701,any state
Mary,Mary,4/12/1982,XXX-XX-883,any state
Matthew,Matthew,7/12/1993,XXX-XX-338,any state
Lee,Lee,12/3/1988,XXX-XX-198,any state
James,James,7/23/1977,XXX-XX-621,any state
Angela,Angela,4/20/1988,XXX-XX-281,any state
Allen,Allen,7/25/1994,XXX-XX-628,any state
Darrell,Darrell,8/24/1992,XXX-XX-812,any state
Patrick,Patrick,8/3/1979,XXX-XX-466,any state
Tyler,Tyler,10/20/1986,XXX-XX-129,any state
Michelle,Michelle,11/29/1977,XXX-XX-858,any state
Scott,Scott,9/27/1991,XXX-XX-209,any state
Maria,Maria,9/7/1973,XXX-XX-817,any state
Amy,Amy,10/1/1980,XXX-XX-603,any state
Jacob,Jacob,3/31/1976,XXX-XX-809,any state
Amanda,Amanda,7/31/1993,XXX-XX-687,any state
Edward,Edward,10/9/1993,XXX-XX-719,any state
Debra,Debra,2/20/1973,XXX-XX-082,any state
Gregory,Gregory,1/27/1986,XXX-XX-186,any state
Suzanne,Suzanne,5/19/1985,XXX-XX-456,any state
Ann,Ann,1/14/1976,XXX-XX-298,any state
Michelle,Michelle,6/25/1984,XXX-XX-177,any state
Adam,Adam,12/30/1982,XXX-XX-057,any state
Donna,Donna,9/26/1987,XXX-XX-084,any state
Pamela,Pamela,9/27/1972,XXX-XX-867,any state
Victor,Victor,10/26/1987,XXX-XX-141,any state
Matthew,Matthew,4/7/1979,XXX-XX-330,any state
Kevin,Kevin,10/18/1985,XXX-XX-422,any state
Alyssa,Alyssa,4/1/1973,XXX-XX-084,any state
Mark,Mark,8/23/1973,XXX-XX-618,any state
Michael,Michael,3/13/1977,XXX-XX-293,any state
Cole,Cole,1/29/1993,XXX-XX-547,any state
Michael,Michael,10/12/1994,XXX-XX-571,any state
Shaun,Shaun,12/11/1982,XXX-XX-152,any state
Victoria,Victoria,1/6/1976,XXX-XX-830,any state
Brian,Brian,5/7/1982,XXX-XX-543,any state
Jose,Jose,6/1/1992,XXX-XX-608,any state
John,John,11/20/1973,XXX-XX-315,any state
Stephanie,Stephanie,4/26/1978,XXX-XX-259,any state
Lisa,Lisa,11/9/1993,XXX-XX-751,any state
Cody,Cody,1/15/1973,XXX-XX-653,any state
Ann,Ann,6/1/1981,XXX-XX-051,any state
Paula,Paula,10/12/1975,XXX-XX-259,any state
Patrick,Patrick,7/21/1991,XXX-XX-613,any state
Dennis,Dennis,11/27/1973,XXX-XX-632,any state
David,David,6/27/1973,XXX-XX-884,any state
Tina,Tina,11/4/1987,XXX-XX-045,any state
Bridget,Bridget,2/23/1973,XXX-XX-618,any state
Adrian,Adrian,9/8/1993,XXX-XX-433,any state
Andrea,Andrea,12/26/1983,XXX-XX-034,any state
David,David,7/7/1990,XXX-XX-802,any state
Katherine,Katherine,5/10/1987,XXX-XX-665,any state
Kevin,Kevin,4/19/1979,XXX-XX-273,any state
Latoya,Latoya,3/15/1991,XXX-XX-057,any state
Tricia,Tricia,1/24/1992,XXX-XX-072,any state
David,David,11/26/1993,XXX-XX-276,any state
Gina,Gina,3/20/1990,XXX-XX-723,any state
Tamara,Tamara,9/21/1975,XXX-XX-871,any state
John,John,4/14/1987,XXX-XX-044,any state
Craig,Craig,6/13/1972,XXX-XX-543,any state
Desiree,Desiree,7/7/1981,XXX-XX-246,any state
Samantha,Samantha,8/11/1981,XXX-XX-851,any state
David,David,11/19/1978,XXX-XX-569,any state
Caroline,Caroline,8/9/1981,XXX-XX-141,any state
Karen,Karen,9/3/1985,XXX-XX-843,any state
Daniel,Daniel,12/31/1989,XXX-XX-873,any state
Brent,Brent,1/14/1978,XXX-XX-590,any state
Mitchell,Mitchell,8/31/1991,XXX-XX-368,any state
Annette,Annette,4/19/1977,XXX-XX-537,any state
Wendy,Wendy,8/19/1983,XXX-XX-001,any state
Alexis,Alexis,8/11/1983,XXX-XX-552,any state
Jeffrey,Jeffrey,6/27/1981,XXX-XX-852,any state
Jessica,Jessica,6/1/1976,XXX-XX-846,any state
Sherry,Sherry,2/15/1991,XXX-XX-217,any state
Jennifer,Jennifer,2/17/1978,XXX-XX-283,any state
Scott,Scott,3/31/1977,XXX-XX-602,any state
Denise,Denise,4/6/1992,XXX-XX-279,any state
Rebecca,Rebecca,12/4/1980,XXX-XX-006,any state
Sean,Sean,8/11/1981,XXX-XX-068,any state
Mary,Mary,4/27/1990,XXX-XX-809,any state
Ralph,Ralph,2/26/1980,XXX-XX-824,any state
Thomas,Thomas,3/29/1973,XXX-XX-220,any state
Christopher,Christopher,7/1/1974,XXX-XX-726,any state
Allison,Allison,2/8/1983,XXX-XX-441,any state
Charles,Charles,9/15/1982,XXX-XX-691,any state
Lawrence,Lawrence,4/3/1991,XXX-XX-032,any state
Christopher,Christopher,3/29/1978,XXX-XX-344,any state
William,William,8/5/1990,XXX-XX-454,any state
Samuel,Samuel,3/30/1988,XXX-XX-091,any state
Brian,Brian,2/13/1990,XXX-XX-727,any state
Amanda,Amanda,7/23/1991,XXX-XX-601,any state
Cody,Cody,11/13/1978,XXX-XX-769,any state
Sherry,Sherry,3/24/1975,XXX-XX-166,any state
Christine,Christine,11/7/1978,XXX-XX-727,any state
Kristy,Kristy,3/26/1988,XXX-XX-779,any state
Amy,Amy,7/19/1982,XXX-XX-791,any state
Haley,Haley,3/20/1985,XXX-XX-357,any state
Michael,Michael,7/23/1975,XXX-XX-637,any state
Kelly,Kelly,1/21/1982,XXX-XX-017,any state
Rachel,Rachel,5/21/1985,XXX-XX-288,any state
Kristine,Kristine,3/18/1981,XXX-XX-285,any state
Vincent,Vincent,12/15/1974,XXX-XX-626,any state
Elizabeth,Elizabeth,7/15/1979,XXX-XX-304,any state
Mark,Mark,7/8/1976,XXX-XX-737,any state
Sheri,Sheri,6/6/1978,XXX-XX-711,any state
Daniel,Daniel,7/12/1987,XXX-XX-171,any state
Dawn,Dawn,4/19/1979,XXX-XX-501,any state
Evan,Evan,8/25/1994,XXX-XX-842,any state
Paul,Paul,4/19/1992,XXX-XX-338,any state
Tracy,Tracy,10/20/1988,XXX-XX-558,any state
Charles,Charles,2/11/1972,XXX-XX-184,any state
Ashley,Ashley,8/9/1993,XXX-XX-105,any state
Roberto,Roberto,2/7/1994,XXX-XX-731,any state
Margaret,Margaret,10/10/1975,XXX-XX-381,any state
Michelle,Michelle,9/25/1993,XXX-XX-407,any state
Mike,Mike,12/15/1988,XXX-XX-270,any state
Alexandra,Alexandra,1/12/1994,XXX-XX-085,any state
Mark,Mark,9/22/1976,XXX-XX-069,any state
Carol,Carol,3/12/1989,XXX-XX-600,any state
Daniel,Daniel,11/17/1989,XXX-XX-533,any state
Sandra,Sandra,9/20/1980,XXX-XX-769,any state
Sarah,Sarah,7/20/1976,XXX-XX-887,any state
Sydney,Sydney,3/31/1981,XXX-XX-539,any state
Jonathan,Jonathan,7/1/1978,XXX-XX-695,any state
Jennifer,Jennifer,10/3/1976,XXX-XX-313,any state
Kenneth,Kenneth,10/30/1980,XXX-XX-214,any state
Joseph,Joseph,5/9/1975,XXX-XX-370,any state
Jennifer,Jennifer,10/18/1976,XXX-XX-427,any state
David,David,8/31/1976,XXX-XX-010,any state
Jeffrey,Jeffrey,6/28/1978,XXX-XX-635,any state
Jeffery,Jeffery,7/19/1985,XXX-XX-080,any state
Laura,Laura,7/26/1974,XXX-XX-895,any state
Derek,Derek,6/29/1990,XXX-XX-410,any state
Brooke,Brooke,12/18/1980,XXX-XX-412,any state
Peter,Peter,10/26/1976,XXX-XX-414,any state
Alex,Alex,10/7/1987,XXX-XX-416,any state
Michael,Michael,8/28/1990,XXX-XX-645,any state
Katherine,Katherine,1/19/1976,XXX-XX-441,any state
Daniel,Daniel,4/23/1974,XXX-XX-875,any state
Ronald,Ronald,9/19/1973,XXX-XX-114,any state
Austin,Austin,6/25/1979,XXX-XX-205,any state
Brandon,Brandon,5/14/1984,XXX-XX-341,any state
Alexander,Alexander,5/5/1984,XXX-XX-775,any state
Stephanie,Stephanie,3/22/1977,XXX-XX-329,any state
Gregory,Gregory,2/10/1982,XXX-XX-870,any state
Jonathan,Jonathan,12/30/1989,XXX-XX-693,any state
Michelle,Michelle,9/17/1988,XXX-XX-844,any state
Justin,Justin,3/17/1976,XXX-XX-774,any state
Michael,Michael,9/9/1978,XXX-XX-620,any state
Travis,Travis,5/14/1992,XXX-XX-731,any state
Susan,Susan,12/19/1988,XXX-XX-617,any state
Emily,Emily,11/10/1973,XXX-XX-813,any state
Sandra,Sandra,11/13/1988,XXX-XX-499,any state
Jessica,Jessica,1/7/1990,XXX-XX-889,any state
Timothy,Timothy,6/9/1980,XXX-XX-241,any state
Amanda,Amanda,8/15/1979,XXX-XX-422,any state
Jeffery,Jeffery,7/28/1984,XXX-XX-704,any state
Brian,Brian,1/12/1986,XXX-XX-864,any state
Randy,Randy,5/9/1974,XXX-XX-425,any state
Duane,Duane,10/14/1973,XXX-XX-433,any state
Colleen,Colleen,8/12/1977,XXX-XX-108,any state
Brian,Brian,12/21/1985,XXX-XX-265,any state
Cynthia,Cynthia,10/15/1991,XXX-XX-883,any state
Donald,Donald,7/16/1983,XXX-XX-441,any state
Lisa,Lisa,4/23/1976,XXX-XX-124,any state
Dustin,Dustin,6/7/1977,XXX-XX-515,any state
Jay,Jay,4/24/1980,XXX-XX-270,any state
Beth,Beth,2/13/1984,XXX-XX-746,any state
Mary,Mary,1/20/1982,XXX-XX-789,any state
Joshua,Joshua,8/5/1986,XXX-XX-611,any state
Jillian,Jillian,4/11/1973,XXX-XX-737,any state
Anthony,Anthony,9/19/1994,XXX-XX-004,any state
Meghan,Meghan,5/18/1988,XXX-XX-367,any state
Andrea,Andrea,12/3/1991,XXX-XX-815,any state
Megan,Megan,10/12/1972,XXX-XX-778,any state
Sarah,Sarah,6/27/1991,XXX-XX-311,any state
Kaylee,Kaylee,5/29/1992,XXX-XX-790,any state
Joseph,Joseph,4/13/1992,XXX-XX-030,any state
Donna,Donna,4/20/1989,XXX-XX-719,any state
Brandi,Brandi,7/13/1979,XXX-XX-008,any state
James,James,1/19/1986,XXX-XX-626,any state
Jonathan,Jonathan,4/14/1984,XXX-XX-564,any state
Christine,Christine,8/15/1974,XXX-XX-527,any state
Christopher,Christopher,12/2/1988,XXX-XX-326,any state
David,David,2/13/1973,XXX-XX-087,any state
Gregory,Gregory,10/4/1989,XXX-XX-075,any state
Shannon,Shannon,12/27/1992,XXX-XX-808,any state
James,James,1/21/1981,XXX-XX-283,any state
Michael,Michael,1/13/1986,XXX-XX-132,any state
Jennifer,Jennifer,7/21/1986,XXX-XX-229,any state
Michelle,Michelle,6/22/1978,XXX-XX-823,any state
Andrew,Andrew,5/27/1991,XXX-XX-648,any state
Anna,Anna,6/20/1977,XXX-XX-726,any state
William,William,10/12/1989,XXX-XX-304,any state
Cynthia,Cynthia,12/23/1978,XXX-XX-044,any state
Bruce,Bruce,1/21/1982,XXX-XX-573,any state
Amanda,Amanda,5/23/1972,XXX-XX-724,any state
Joshua,Joshua,11/8/1983,XXX-XX-854,any state
Carla,Carla,2/23/1987,XXX-XX-370,any state
Mark,Mark,6/14/1977,XXX-XX-198,any state
Stephanie,Stephanie,2/25/1986,XXX-XX-344,any state
Cameron,Cameron,1/2/1986,XXX-XX-136,any state
Harold,Harold,5/11/1983,XXX-XX-283,any state
Sara,Sara,6/5/1984,XXX-XX-519,any state
Caroline,Caroline,11/12/1979,XXX-XX-445,any state
Nicole,Nicole,9/28/1982,XXX-XX-462,any state
Jacqueline,Jacqueline,1/31/1991,XXX-XX-295,any state
Alexander,Alexander,4/18/1979,XXX-XX-756,any state
Heather,Heather,1/11/1978,XXX-XX-310,any state
Joseph,Joseph,6/1/1978,XXX-XX-426,any state
Timothy,Timothy,3/26/1978,XXX-XX-582,any state
Gregory,Gregory,6/6/1973,XXX-XX-534,any state
Thomas,Thomas,5/6/1977,XXX-XX-461,any state
Timothy,Timothy,1/12/1977,XXX-XX-297,any state
Jennifer,Jennifer,3/9/1991,XXX-XX-887,any state
Andrew,Andrew,6/8/1990,XXX-XX-792,any state
Dale,Dale,10/1/1993,XXX-XX-432,any state
Jennifer,Jennifer,2/27/1977,XXX-XX-636,any state
Antonio,Antonio,2/9/1980,XXX-XX-389,any state
Joshua,Joshua,1/7/1985,XXX-XX-513,any state
Edward,Edward,8/31/1994,XXX-XX-079,any state
Lee,Lee,3/17/1979,XXX-XX-869,any state
Wyatt,Wyatt,2/7/1984,XXX-XX-614,any state
Michelle,Michelle,11/23/1972,XXX-XX-785,any state
Joanna,Joanna,4/17/1973,XXX-XX-040,any state
Joseph,Joseph,5/18/1980,XXX-XX-467,any state
Ariel,Ariel,9/11/1972,XXX-XX-864,any state
Shawn,Shawn,10/30/1990,XXX-XX-289,any state
Jose,Jose,3/1/1976,XXX-XX-853,any state
Caroline,Caroline,5/3/1973,XXX-XX-003,any state
David,David,8/11/1976,XXX-XX-757,any state
Kelly,Kelly,4/12/1988,XXX-XX-661,any state
Kyle,Kyle,5/30/1984,XXX-XX-493,any state
Carrie,Carrie,6/20/1984,XXX-XX-515,any state
Catherine,Catherine,4/28/1990,XXX-XX-810,any state
Amanda,Amanda,12/5/1988,XXX-XX-367,any state
Katherine,Katherine,3/4/1994,XXX-XX-363,any state
Rodney,Rodney,5/8/1975,XXX-XX-618,any state
Savannah,Savannah,5/12/1984,XXX-XX-465,any state
Claudia,Claudia,4/1/1987,XXX-XX-377,any state
Roy,Roy,3/30/1984,XXX-XX-467,any state
Michelle,Michelle,7/8/1982,XXX-XX-201,any state
Amanda,Amanda,4/11/1983,XXX-XX-590,any state
Theresa,Theresa,10/22/1992,XXX-XX-184,any state
Debra,Debra,7/20/1988,XXX-XX-227,any state
John,John,12/11/1985,XXX-XX-338,any state
Beth,Beth,12/22/1982,XXX-XX-698,any state
Erica,Erica,7/1/1981,XXX-XX-160,any state
Kimberly,Kimberly,1/22/1992,XXX-XX-714,any state
Kyle,Kyle,10/24/1973,XXX-XX-371,any state
Nicole,Nicole,4/30/1977,XXX-XX-765,any state
Bonnie,Bonnie,4/1/1973,XXX-XX-074,any state
Maurice,Maurice,9/7/1984,XXX-XX-837,any state
Corey,Corey,10/8/1988,XXX-XX-248,any state
Brett,Brett,6/20/1986,XXX-XX-084,any state
Melody,Melody,1/23/1979,XXX-XX-192,any state
James,James,4/12/1980,XXX-XX-236,any state
Robert,Robert,4/14/1994,XXX-XX-596,any state
Caroline,Caroline,5/5/1990,XXX-XX-301,any state
Megan,Megan,3/24/1973,XXX-XX-504,any state
Shawn,Shawn,1/19/1978,XXX-XX-767,any state
David,David,9/15/1977,XXX-XX-333,any state
Julie,Julie,1/20/1993,XXX-XX-727,any state
Briana,Briana,2/8/1978,XXX-XX-272,any state
Robin,Robin,2/27/1978,XXX-XX-413,any state
Albert,Albert,1/20/1975,XXX-XX-207,any state
Mark,Mark,4/2/1989,XXX-XX-706,any state
Elizabeth,Elizabeth,2/25/1992,XXX-XX-824,any state
Tracy,Tracy,11/1/1983,XXX-XX-073,any state
Patricia,Patricia,6/30/1979,XXX-XX-843,any state
Tammy,Tammy,12/29/1980,XXX-XX-840,any state
Roger,Roger,3/4/1974,XXX-XX-311,any state
Kelly,Kelly,4/13/1992,XXX-XX-821,any state
Charles,Charles,4/14/1993,XXX-XX-159,any state
David,David,6/23/1985,XXX-XX-002,any state
David,David,1/8/1983,XXX-XX-415,any state
Valerie,Valerie,4/10/1983,XXX-XX-382,any state
Sarah,Sarah,11/20/1984,XXX-XX-110,any state
Christina,Christina,10/20/1979,XXX-XX-155,any state
Cynthia,Cynthia,11/26/1973,XXX-XX-763,any state
Michelle,Michelle,4/9/1983,XXX-XX-469,any state
Amanda,Amanda,3/4/1973,XXX-XX-203,any state
Jeff,Jeff,8/10/1992,XXX-XX-488,any state
Patrick,Patrick,7/29/1991,XXX-XX-169,any state
Elizabeth,Elizabeth,11/5/1984,XXX-XX-060,any state
Noah,Noah,4/30/1977,XXX-XX-096,any state
Caroline,Caroline,12/29/1983,XXX-XX-228,any state
Andrea,Andrea,6/15/1978,XXX-XX-305,any state
Sara,Sara,1/2/1983,XXX-XX-761,any state
Jennifer,Jennifer,4/23/1974,XXX-XX-264,any state
Deanna,Deanna,2/5/1990,XXX-XX-037,any state
Kristina,Kristina,2/17/1989,XXX-XX-005,any state
Laura,Laura,4/5/1974,XXX-XX-303,any state
Matthew,Matthew,11/17/1990,XXX-XX-236,any state
Tamara,Tamara,5/20/1980,XXX-XX-758,any state
Samantha,Samantha,6/4/1976,XXX-XX-279,any state
John,John,3/2/1983,XXX-XX-487,any state
Andrea,Andrea,12/11/1985,XXX-XX-443,any state
Lori,Lori,10/22/1989,XXX-XX-253,any state
Ronald,Ronald,12/13/1973,XXX-XX-479,any state
Chelsea,Chelsea,3/26/1974,XXX-XX-383,any state
Daniel,Daniel,9/7/1989,XXX-XX-463,any state
Jonathan,Jonathan,1/13/1977,XXX-XX-835,any state
Jessica,Jessica,4/23/1981,XXX-XX-424,any state
Timothy,Timothy,6/16/1981,XXX-XX-644,any state
Donna,Donna,7/14/1993,XXX-XX-272,any state
Tonya,Tonya,9/4/1972,XXX-XX-758,any state
Pamela,Pamela,2/20/1980,XXX-XX-116,any state
Michelle,Michelle,5/5/1993,XXX-XX-276,any state
Alexander,Alexander,10/27/1983,XXX-XX-691,any state
Jay,Jay,3/6/1985,XXX-XX-223,any state
Teresa,Teresa,7/27/1972,XXX-XX-888,any state
Bradley,Bradley,5/8/1980,XXX-XX-169,any state
Rhonda,Rhonda,6/3/1979,XXX-XX-417,any state
Brandon,Brandon,7/22/1977,XXX-XX-787,any state
Brandon,Brandon,8/10/1980,XXX-XX-456,any state
Barbara,Barbara,10/30/1989,XXX-XX-061,any state
James,James,4/21/1978,XXX-XX-780,any state
Drew,Drew,3/25/1993,XXX-XX-472,any state
Virginia,Virginia,2/18/1982,XXX-XX-672,any state
Mary,Mary,1/29/1990,XXX-XX-565,any state
Ryan,Ryan,1/6/1975,XXX-XX-092,any state
Amanda,Amanda,8/5/1989,XXX-XX-572,any state
Morgan,Morgan,7/13/1980,XXX-XX-023,any state
Kimberly,Kimberly,6/11/1973,XXX-XX-215,any state
Kathleen,Kathleen,1/15/1990,XXX-XX-020,any state
Diana,Diana,9/13/1972,XXX-XX-070,any state
Logan,Logan,3/26/1990,XXX-XX-561,any state
Tracy,Tracy,5/3/1975,XXX-XX-818,any state
Edwin,Edwin,2/13/1988,XXX-XX-408,any state
Kelly,Kelly,7/14/1976,XXX-XX-729,any state
Robert,Robert,1/12/1987,XXX-XX-038,any state
Jane,Jane,1/30/1991,XXX-XX-747,any state
Denise,Denise,10/10/1983,XXX-XX-748,any state
Jonathon,Jonathon,4/30/1980,XXX-XX-825,any state
Amanda,Amanda,9/24/1994,XXX-XX-300,any state
Heather,Heather,11/20/1985,XXX-XX-237,any state
Kathryn,Kathryn,8/24/1987,XXX-XX-137,any state
Cory,Cory,3/13/1977,XXX-XX-272,any state
Ryan,Ryan,7/14/1982,XXX-XX-857,any state
Sara,Sara,8/16/1985,XXX-XX-024,any state
Daniel,Daniel,4/21/1979,XXX-XX-560,any state
Paul,Paul,6/25/1977,XXX-XX-401,any state
Elizabeth,Elizabeth,1/22/1976,XXX-XX-638,any state
Ann,Ann,10/27/1989,XXX-XX-460,any state
Thomas,Thomas,2/23/1991,XXX-XX-771,any state
Brian,Brian,7/5/1982,XXX-XX-054,any state
Donna,Donna,3/31/1990,XXX-XX-306,any state
Kimberly,Kimberly,1/1/1981,XXX-XX-769,any state
Jeremy,Jeremy,11/22/1987,XXX-XX-157,any state
Dennis,Dennis,6/11/1989,XXX-XX-326,any state
Kenneth,Kenneth,8/24/1989,XXX-XX-175,any state
Tyler,Tyler,6/28/1972,XXX-XX-212,any state
Scott,Scott,2/24/1972,XXX-XX-855,any state
Derrick,Derrick,12/5/1982,XXX-XX-075,any state
Christine,Christine,11/17/1974,XXX-XX-018,any state
Julie,Julie,11/23/1976,XXX-XX-058,any state
Rachel,Rachel,3/3/1982,XXX-XX-716,any state
Kyle,Kyle,12/25/1984,XXX-XX-003,any state
Nancy,Nancy,7/5/1976,XXX-XX-847,any state
John,John,5/25/1993,XXX-XX-299,any state
Robert,Robert,7/16/1979,XXX-XX-371,any state
Keith,Keith,4/15/1978,XXX-XX-538,any state
Dennis,Dennis,11/15/1973,XXX-XX-716,any state
Ronald,Ronald,12/21/1993,XXX-XX-282,any state
Leslie,Leslie,6/15/1973,XXX-XX-805,any state
Maria,Maria,12/20/1973,XXX-XX-165,any state
Melissa,Melissa,3/22/1981,XXX-XX-484,any state
Joshua,Joshua,11/20/1982,XXX-XX-268,any state
Crystal,Crystal,8/29/1993,XXX-XX-252,any state
Sheri,Sheri,8/4/1991,XXX-XX-422,any state
Steven,Steven,2/11/1986,XXX-XX-063,any state
Linda,Linda,12/22/1978,XXX-XX-138,any state
John,John,7/25/1989,XXX-XX-879,any state
Mark,Mark,9/9/1992,XXX-XX-254,any state
Diana,Diana,12/2/1973,XXX-XX-893,any state
Karen,Karen,6/9/1990,XXX-XX-244,any state
Laura,Laura,10/20/1992,XXX-XX-401,any state
Diana,Diana,9/20/1983,XXX-XX-802,any state
Samantha,Samantha,7/10/1977,XXX-XX-225,any state
Kayla,Kayla,10/13/1975,XXX-XX-014,any state
Crystal,Crystal,12/31/1980,XXX-XX-497,any state
Brooke,Brooke,4/9/1979,XXX-XX-200,any state
John,John,3/22/1987,XXX-XX-260,any state
Karla,Karla,7/10/1983,XXX-XX-294,any state
Jennifer,Jennifer,8/23/1977,XXX-XX-234,any state
Blake,Blake,9/10/1977,XXX-XX-199,any state
Michael,Michael,11/5/1980,XXX-XX-716,any state
Jermaine,Jermaine,12/24/1989,XXX-XX-800,any state
Patricia,Patricia,4/22/1976,XXX-XX-214,any state
Cameron,Cameron,2/1/1975,XXX-XX-781,any state
Michelle,Michelle,6/10/1988,XXX-XX-038,any state
Hannah,Hannah,9/15/1978,XXX-XX-570,any state
Erica,Erica,5/27/1978,XXX-XX-620,any state
Jeremy,Jeremy,1/13/1982,XXX-XX-153,any state
Jocc,Jocc,2/24/1993,XXX-XX-289,any state
Natrrn,Natrrn,11/19/1978,XXX-XX-330,any state
Anvvnnda,Anvvnnda,1/0/1999,XXX-XX-114,any state
Heexxx,Heexxx,8/10/1967,XXX-XX-966,any state
Hddniel,Hddniel,2/14/1972,XXX-XX-656,any state
,,,XXX-XX-,any state
,,,XXX-XX-,any state
,,,XXX-XX-,any state
,,,XXX-XX-,any state
,,,XXX-XX-,any state
,,,XXX-XX-,any state
,,,XXX-XX-,any state
,,,XXX-XX-,any state
,,,XXX-XX-,any state
,,,XXX-XX-,any state
,,,XXX-XX-,any state
,,,XXX-XX-,any state
,,,XXX-XX-,any state
,,,XXX-XX-,any state
,,,XXX-XX-,any state
,,,XXX-XX-,any state
,,,XXX-XX-,any state
,,,XXX-XX-,any state
,,,XXX-XX-,any state
,,,XXX-XX-,any state
,,,XXX-XX-,any state
,,,XXX-XX-,any state
,,,XXX-XX-,any state
,,,XXX-XX-,any state
,,,XXX-XX-,any state
,,,XXX-XX-,any state
,,,XXX-XX-,any state
,,,XXX-XX-,any state
,,,XXX-XX-,any state
,,,XXX-XX-,any state
,,,XXX-XX-,any state
,,,XXX-XX-,any state
,,,XXX-XX-,any state
,,,XXX-XX-,any state
,,,XXX-XX-,any state
,,,XXX-XX-,any state
,,,XXX-XX-,any state
,,,XXX-XX-,any state
,,,XXX-XX-,any state
,,,XXX-XX-,any state
,,,XXX-XX-,any state
,,,XXX-XX-,any state
,,,XXX-XX-,any state
,,,XXX-XX-,any state
,,,XXX-XX-,any state
,,,XXX-XX-,any state
,,,XXX-XX-,any state
,,,XXX-XX-,any state
,,,XXX-XX-,any state
,,,XXX-XX-,any state
,,,XXX-XX-,any state
,,,XXX-XX-,any state
,,,XXX-XX-,any state
,,,XXX-XX-,any state
,,,XXX-XX-,any state
,,,XXX-XX-,any state
,,,XXX-XX-,any state
,,,XXX-XX-,any state
,,,XXX-XX-,any state
,,,XXX-XX-,any state
,,,XXX-XX-,any state
,,,XXX-XX-,any state
,,,XXX-XX-,any state
,,,XXX-XX-,any state
,,,XXX-XX-,any state
,,,XXX-XX-,any state
,,,XXX-XX-,any state
,,,XXX-XX-,any state
,,,XXX-XX-,any state
,,,XXX-XX-,any state
,,,XXX-XX-,any state
,,,XXX-XX-,any state
,,,XXX-XX-,any state
,,,XXX-XX-,any state
,,,XXX-XX-,any state
,,,XXX-XX-,any state
,,,XXX-XX-,any state
,,,XXX-XX-,any state
,,,XXX-XX-,any state
,,,XXX-XX-,any state
,,,XXX-XX-,any state
,,,XXX-XX-,any state
,,,XXX-XX-,any state
,,,XXX-XX-,any state
,,,XXX-XX-,any state
,,,XXX-XX-,any state
,,,XXX-XX-,any state
,,,XXX-XX-,any state
,,,XXX-XX-,any state
,,,XXX-XX-,any state
,,,XXX-XX-,any state
,,,XXX-XX-,any state
,,,XXX-XX-,any state
,,,XXX-XX-,any state
,,,XXX-XX-,any state
,,,XXX-XX-,any state
,,,XXX-XX-,any state
,,,XXX-XX-,any state
,,,XXX-XX-,any state
,,,XXX-XX-,any state
,,,XXX-XX-,any state
,,,XXX-XX-,any state
,,,XXX-XX-,any state
,,,XXX-XX-,any state
,,,XXX-XX-,any state
,,,XXX-XX-,any state
,,,XXX-XX-,any state
,,,XXX-XX-,any state
,,,XXX-XX-,any state
,,,XXX-XX-,any state
,,,XXX-XX-,any state
,,,XXX-XX-,any state
,,,XXX-XX-,any state
,,,XXX-XX-,any state
,,,XXX-XX-,any state
,,,XXX-XX-,any state
,,,XXX-XX-,any state
,,,XXX-XX-,any state
,,,XXX-XX-,any state
,,,XXX-XX-,any state
,,,XXX-XX-,any state
,,,XXX-XX-,any state
,,,XXX-XX-,any state
,,,XXX-XX-,any state
,,,XXX-XX-,any state
,,,XXX-XX-,any state
,,,XXX-XX-,any state
,,,XXX-XX-,any state
,,,XXX-XX-,any state
,,,XXX-XX-,any state
,,,XXX-XX-,any state
,,,XXX-XX-,any state
,,,XXX-XX-,any state
,,,XXX-XX-,any state
,,,XXX-XX-,any state
,,,XXX-XX-,any state
,,,XXX-XX-,any state
,,,XXX-XX-,any state
,,,XXX-XX-,any state
,,,XXX-XX-,any state
,,,XXX-XX-,any state
,,,XXX-XX-,any state
,,,XXX-XX-,any state
,,,XXX-XX-,any state
,,,XXX-XX-,any state
,,,XXX-XX-,any state
,,,XXX-XX-,any state
,,,XXX-XX-,any state
,,,XXX-XX-,any state
,,,XXX-XX-,any state
,,,XXX-XX-,any state
,,,XXX-XX-,any state
,,,XXX-XX-,any state
,,,XXX-XX-,any state
,,,XXX-XX-,any state
,,,XXX-XX-,any state
,,,XXX-XX-,any state
,,,XXX-XX-,any state
,,,XXX-XX-,any state
,,,XXX-XX-,any state
,,,XXX-XX-,any state
,,,XXX-XX-,any state
,,,XXX-XX-,any state
,,,XXX-XX-,any state
,,,XXX-XX-,any state
,,,XXX-XX-,any state
,,,XXX-XX-,any state
,,,XXX-XX-,any state
,,,XXX-XX-,any state
,,,XXX-XX-,any state
,,,XXX-XX-,any state
,,,XXX-XX-,any state
,,,XXX-XX-,any state
,,,XXX-XX-,any state
,,,XXX-XX-,any state
,,,XXX-XX-,any state
,,,XXX-XX-,any state
,,,XXX-XX-,any state
,,,XXX-XX-,any state
,,,XXX-XX-,any state
,,,XXX-XX-,any state
,,,XXX-XX-,any state
,,,XXX-XX-,any state
,,,XXX-XX-,any state
,,,XXX-XX-,any state
,,,XXX-XX-,any state
,,,XXX-XX-,any state
,,,XXX-XX-,any state
,,,XXX-XX-,any state
,,,XXX-XX-,any state
,,,XXX-XX-,any state
,,,XXX-XX-,any state
,,,XXX-XX-,any state
,,,XXX-XX-,any state
,,,XXX-XX-,any state
,,,XXX-XX-,any state
,,,XXX-XX-,any state
,,,XXX-XX-,any state
,,,XXX-XX-,any state
,,,XXX-XX-,any state
,,,XXX-XX-,any state
,,,XXX-XX-,any state
,,,XXX-XX-,any state
,,,XXX-XX-,any state
,,,XXX-XX-,any state
,,,XXX-XX-,any state
,,,XXX-XX-,any state
,,,XXX-XX-,any state
,,,XXX-XX-,any state
,,,XXX-XX-,any state
,,,XXX-XX-,any state
,,,XXX-XX-,any state
,,,XXX-XX-,any state
,,,XXX-XX-,any state
,,,XXX-XX-,any state
,,,XXX-XX-,any state
,,,XXX-XX-,any state
,,,XXX-XX-,any state
,,,XXX-XX-,any state
,,,XXX-XX-,any state
,,,XXX-XX-,any state
,,,XXX-XX-,any state
,,,XXX-XX-,any state
,,,XXX-XX-,any state
,,,XXX-XX-,any state
,,,XXX-XX-,any state
,,,XXX-XX-,any state
,,,XXX-XX-,any state
,,,XXX-XX-,any state
,,,XXX-XX-,any state
,,,XXX-XX-,any state
,,,XXX-XX-,any state
,,,XXX-XX-,any state
,,,XXX-XX-,any state
,,,XXX-XX-,any state
,,,XXX-XX-,any state
,,,XXX-XX-,any state
,,,XXX-XX-,any state
,,,XXX-XX-,any state
,,,XXX-XX-,any state
,,,XXX-XX-,any state
,,,XXX-XX-,any state
,,,XXX-XX-,any state
,,,XXX-XX-,any state
,,,XXX-XX-,any state
,,,XXX-XX-,any state
,,,XXX-XX-,any state
,,,XXX-XX-,any state
,,,XXX-XX-,any state
,,,XXX-XX-,any state
,,,XXX-XX-,any state
,,,XXX-XX-,any state
,,,XXX-XX-,any state
,,,XXX-XX-,any state
,,,XXX-XX-,any state
,,,XXX-XX-,any state
,,,XXX-XX-,any state
,,,XXX-XX-,any state
,,,XXX-XX-,any state
,,,XXX-XX-,any state
,,,XXX-XX-,any state
,,,XXX-XX-,any state
,,,XXX-XX-,any state
,,,XXX-XX-,any state
,,,XXX-XX-,any state
,,,XXX-XX-,any state
,,,XXX-XX-,any state
,,,XXX-XX-,any state
,,,XXX-XX-,any state
,,,XXX-XX-,any state
,,,XXX-XX-,any state
,,,XXX-XX-,any state
,,,XXX-XX-,any state
,,,XXX-XX-,any state
,,,XXX-XX-,any state
,,,XXX-XX-,any state
,,,XXX-XX-,any state
,,,XXX-XX-,any state
,,,XXX-XX-,any state
,,,XXX-XX-,any state
,,,XXX-XX-,any state
,,,XXX-XX-,any state
,,,XXX-XX-,any state
,,,XXX-XX-,any state
,,,XXX-XX-,any state
,,,XXX-XX-,any state
,,,XXX-XX-,any state
,,,XXX-XX-,any state
,,,XXX-XX-,any state
,,,XXX-XX-,any state
,,,XXX-XX-,any state
,,,XXX-XX-,any state
,,,XXX-XX-,any state
,,,XXX-XX-,any state
,,,XXX-XX-,any state
,,,XXX-XX-,any state
,,,XXX-XX-,any state
,,,XXX-XX-,any state
,,,XXX-XX-,any state
,,,XXX-XX-,any state
,,,XXX-XX-,any state
,,,XXX-XX-,any state
,,,XXX-XX-,any state
,,,XXX-XX-,any state
,,,XXX-XX-,any state
,,,XXX-XX-,any state
,,,XXX-XX-,any state
,,,XXX-XX-,any state
,,,XXX-XX-,any state
,,,XXX-XX-,any state
,,,XXX-XX-,any state
,,,XXX-XX-,any state
,,,XXX-XX-,any state
,,,XXX-XX-,any state
,,,XXX-XX-,any state
,,,XXX-XX-,any state
,,,XXX-XX-,any state
,,,XXX-XX-,any state
,,,XXX-XX-,any state
,,,XXX-XX-,any state
,,,XXX-XX-,any state
,,,XXX-XX-,any state
,,,XXX-XX-,any state
,,,XXX-XX-,any state
,,,XXX-XX-,any state
,,,XXX-XX-,any state
,,,XXX-XX-,any state
,,,XXX-XX-,any state
,,,XXX-XX-,any state
,,,XXX-XX-,any state
,,,XXX-XX-,any state
,,,XXX-XX-,any state
,,,XXX-XX-,any state
,,,XXX-XX-,any state
,,,XXX-XX-,any state
,,,XXX-XX-,any state
,,,XXX-XX-,any state
,,,XXX-XX-,any state
,,,XXX-XX-,any state
,,,XXX-XX-,any state
,,,XXX-XX-,any state
,,,XXX-XX-,any state
,,,XXX-XX-,any state
,,,XXX-XX-,any state
,,,XXX-XX-,any state
,,,XXX-XX-,any state
,,,XXX-XX-,any state
,,,XXX-XX-,any state
,,,XXX-XX-,any state
,,,XXX-XX-,any state
,,,XXX-XX-,any state
,,,XXX-XX-,any state
,,,XXX-XX-,any state
,,,XXX-XX-,any state
,,,XXX-XX-,any state
,,,XXX-XX-,any state
,,,XXX-XX-,any state
,,,XXX-XX-,any state
,,,XXX-XX-,any state
,,,XXX-XX-,any state
,,,XXX-XX-,any state
,,,XXX-XX-,any state
,,,XXX-XX-,any state
,,,XXX-XX-,any state
,,,XXX-XX-,any state
,,,XXX-XX-,any state
,,,XXX-XX-,any state
,,,XXX-XX-,any state
,,,XXX-XX-,any state
,,,XXX-XX-,any state
,,,XXX-XX-,any state
,,,XXX-XX-,any state
,,,XXX-XX-,any state
,,,XXX-XX-,any state
,,,XXX-XX-,any state
,,,XXX-XX-,any state
,,,XXX-XX-,any state
,,,XXX-XX-,any state
,,,XXX-XX-,any state
,,,XXX-XX-,any state
,,,XXX-XX-,any state
,,,XXX-XX-,any state
,,,XXX-XX-,any state
,,,XXX-XX-,any state
,,,XXX-XX-,any state
,,,XXX-XX-,any state
,,,XXX-XX-,any state
,,,XXX-XX-,any state
,,,XXX-XX-,any state
,,,XXX-XX-,any state
,,,XXX-XX-,any state
,,,XXX-XX-,any state
,,,XXX-XX-,any state
,,,XXX-XX-,any state
,,,XXX-XX-,any state
,,,XXX-XX-,any state
,,,XXX-XX-,any state
,,,XXX-XX-,any state
,,,XXX-XX-,any state
,,,XXX-XX-,any state
,,,XXX-XX-,any state
,,,XXX-XX-,any state
,,,XXX-XX-,any state
,,,XXX-XX-,any state
,,,XXX-XX-,any state
,,,XXX-XX-,any state
,,,XXX-XX-,any state
,,,XXX-XX-,any state
,,,XXX-XX-,any state
,,,XXX-XX-,any state
,,,XXX-XX-,any state
,,,XXX-XX-,any state
,,,XXX-XX-,any state
,,,XXX-XX-,any state
,,,XXX-XX-,any state
,,,XXX-XX-,any state
,,,XXX-XX-,any state
,,,XXX-XX-,any state
,,,XXX-XX-,any state
,,,XXX-XX-,any state
,,,XXX-XX-,any state
,,,XXX-XX-,any state
,,,XXX-XX-,any state
,,,XXX-XX-,any state
,,,XXX-XX-,any state
,,,XXX-XX-,any state
,,,XXX-XX-,any state
,,,XXX-XX-,any state
,,,XXX-XX-,any state
,,,XXX-XX-,any state
,,,XXX-XX-,any state
,,,XXX-XX-,any state
,,,XXX-XX-,any state
,,,XXX-XX-,any state
,,,XXX-XX-,any state
,,,XXX-XX-,any state
,,,XXX-XX-,any state
,,,XXX-XX-,any state
,,,XXX-XX-,any state
,,,XXX-XX-,any state
,,,XXX-XX-,any state
,,,XXX-XX-,any state
,,,XXX-XX-,any state
,,,XXX-XX-,any state
,,,XXX-XX-,any state
,,,XXX-XX-,any state
,,,XXX-XX-,any state
,,,XXX-XX-,any state
,,,XXX-XX-,any state
,,,XXX-XX-,any state
,,,XXX-XX-,any state
,,,XXX-XX-,any state
,,,XXX-XX-,any state
,,,XXX-XX-,any state
,,,XXX-XX-,any state
,,,XXX-XX-,any state
,,,XXX-XX-,any state
,,,XXX-XX-,any state
,,,XXX-XX-,any state
,,,XXX-XX-,any state
,,,XXX-XX-,any state
,,,XXX-XX-,any state
,,,XXX-XX-,any state
,,,XXX-XX-,any state
,,,XXX-XX-,any state
,,,XXX-XX-,any state
,,,XXX-XX-,any state
,,,XXX-XX-,any state
,,,XXX-XX-,any state
,,,XXX-XX-,any state
,,,XXX-XX-,any state
,,,XXX-XX-,any state
,,,XXX-XX-,any state
,,,XXX-XX-,any state
,,,XXX-XX-,any state
,,,XXX-XX-,any state
,,,XXX-XX-,any state
,,,XXX-XX-,any state
,,,XXX-XX-,any state
,,,XXX-XX-,any state
,,,XXX-XX-,any state
,,,XXX-XX-,any state
,,,XXX-XX-,any state
,,,XXX-XX-,any state
,,,XXX-XX-,any state
,,,XXX-XX-,any state
,,,XXX-XX-,any state
,,,XXX-XX-,any state
,,,XXX-XX-,any state
,,,XXX-XX-,any state
,,,XXX-XX-,any state
,,,XXX-XX-,any state
,,,XXX-XX-,any state
,,,XXX-XX-,any state
,,,XXX-XX-,any state
,,,XXX-XX-,any state
,,,XXX-XX-,any state
,,,XXX-XX-,any state
,,,XXX-XX-,any state
,,,XXX-XX-,any state
,,,XXX-XX-,any state
,,,XXX-XX-,any state
,,,XXX-XX-,any state
,,,XXX-XX-,any state
,,,XXX-XX-,any state
,,,XXX-XX-,any state
,,,XXX-XX-,any state
,,,XXX-XX-,any state
,,,XXX-XX-,any state
,,,XXX-XX-,any state
,,,XXX-XX-,any state
,,,XXX-XX-,any state
,,,XXX-XX-,any state
,,,XXX-XX-,any state
,,,XXX-XX-,any state
,,,XXX-XX-,any state
,,,XXX-XX-,any state
,,,XXX-XX-,any state
,,,XXX-XX-,any state
,,,XXX-XX-,any state
,,,XXX-XX-,any state
,,,XXX-XX-,any state
,,,XXX-XX-,any state
,,,XXX-XX-,any state
,,,XXX-XX-,any state
,,,XXX-XX-,any state
,,,XXX-XX-,any state
,,,XXX-XX-,any state
,,,XXX-XX-,any state
,,,XXX-XX-,any state
,,,XXX-XX-,any state
,,,XXX-XX-,any state
,,,XXX-XX-,any state
,,,XXX-XX-,any state
,,,XXX-XX-,any state
,,,XXX-XX-,any state
,,,XXX-XX-,any state
,,,XXX-XX-,any state
,,,XXX-XX-,any state
,,,XXX-XX-,any state
,,,XXX-XX-,any state
,,,XXX-XX-,any state
,,,XXX-XX-,any state
,,,XXX-XX-,any state
,,,XXX-XX-,any state
,,,XXX-XX-,any state
,,,XXX-XX-,any state
,,,XXX-XX-,any state
,,,XXX-XX-,any state
,,,XXX-XX-,any state
,,,XXX-XX-,any state
,,,XXX-XX-,any state
,,,XXX-XX-,any state
,,,XXX-XX-,any state
,,,XXX-XX-,any state
,,,XXX-XX-,any state
,,,XXX-XX-,any state
,,,XXX-XX-,any state
,,,XXX-XX-,any state
,,,XXX-XX-,any state
,,,XXX-XX-,any state
,,,XXX-XX-,any state
,,,XXX-XX-,any state
,,,XXX-XX-,any state
,,,XXX-XX-,any state
,,,XXX-XX-,any state
,,,XXX-XX-,any state
,,,XXX-XX-,any state
,,,XXX-XX-,any state
,,,XXX-XX-,any state
,,,XXX-XX-,any state
,,,XXX-XX-,any state
,,,XXX-XX-,any state
,,,XXX-XX-,any state
,,,XXX-XX-,any state
,,,XXX-XX-,any state
,,,XXX-XX-,any state
,,,XXX-XX-,any state
,,,XXX-XX-,any state
,,,XXX-XX-,any state
,,,XXX-XX-,any state
,,,XXX-XX-,any state
,,,XXX-XX-,any state
,,,XXX-XX-,any state
,,,XXX-XX-,any state
,,,XXX-XX-,any state
,,,XXX-XX-,any state
,,,XXX-XX-,any state
,,,XXX-XX-,any state
,,,XXX-XX-,any state
,,,XXX-XX-,any state
,,,XXX-XX-,any state
,,,XXX-XX-,any state
,,,XXX-XX-,any state
,,,XXX-XX-,any state
,,,XXX-XX-,any state
,,,XXX-XX-,any state
,,,XXX-XX-,any state
,,,XXX-XX-,any state
,,,XXX-XX-,any state
,,,XXX-XX-,any state
,,,XXX-XX-,any state
,,,XXX-XX-,any state
,,,XXX-XX-,any state
,,,XXX-XX-,any state
,,,XXX-XX-,any state
,,,XXX-XX-,any state
,,,XXX-XX-,any state
,,,XXX-XX-,any state
,,,XXX-XX-,any state
,,,XXX-XX-,any state
,,,XXX-XX-,any state
,,,XXX-XX-,any state
,,,XXX-XX-,any state
,,,XXX-XX-,any state
,,,XXX-XX-,any state
,,,XXX-XX-,any state
,,,XXX-XX-,any state
,,,XXX-XX-,any state
,,,XXX-XX-,any state
,,,XXX-XX-,any state
,,,XXX-XX-,any state
,,,XXX-XX-,any state
,,,XXX-XX-,any state
,,,XXX-XX-,any state
,,,XXX-XX-,any state
,,,XXX-XX-,any state
,,,XXX-XX-,any state
,,,XXX-XX-,any state
,,,XXX-XX-,any state
,,,XXX-XX-,any state
,,,XXX-XX-,any state
,,,XXX-XX-,any state
,,,XXX-XX-,any state
,,,XXX-XX-,any state
,,,XXX-XX-,any state
,,,XXX-XX-,any state
,,,XXX-XX-,any state
,,,XXX-XX-,any state
,,,XXX-XX-,any state
,,,XXX-XX-,any state
,,,XXX-XX-,any state
,,,XXX-XX-,any state
,,,XXX-XX-,any state
,,,XXX-XX-,any state
